<Properties>
<Boolean id="NoReg">true</Boolean>
<Boolean id="DontUpdate">true</Boolean>
<Boolean id="DefaultWindowed">false</Boolean>
<String id="PartnerName">Steam</String>
<String id="ProdName">Peggle</String>
<String id="RegistryKey">Steam\Peggle</String>
<String id="MarketingMode">Stage3</String>

<Boolean id="VistaCompliant">true</Boolean>
<Boolean id="AllowDRMLocking">false</Boolean>
<Boolean id="AllowDRMTiming">true</Boolean>
<Boolean id="CheckActivity">false</Boolean>
<String id="DisplayName">Peggle Deluxe</String>
<Integer id="Height">480</Integer>
<Integer id="Width">640</Integer>

<Integer id="SteamId">3480</Integer>
</Properties>