<?xml version="1.0"?>
<ResourceManifest>

<!-- ************************************************ -->
<!-- ************** Init Resources ****************** -->
<!-- ************************************************ -->
<Resources id="Init">
<SetDefaults path="images" idprefix="IMAGE_" />
<Image id="SCREENFRAMELEFT"				path="screenframeleft" />
<Image id="SCREENFRAMERIGHT"			path="screenframeright" />
<Image id="SCREENFRAMETOP"				path="screenframetop" />
<Image id="SCREENFRAMEBOTTOM"			path="screenframebottom" />
<Image id="SUNGLOW"						path="sunglow" />

<Image id="CURSOR_POINTER"				path="cursor_pointer" />
<Image id="CURSOR_HAND"					path="cursor_hand" />
<Image id="CURSOR_DRAGGING"				path="cursor_dragging" />
<Image id="CURSOR_TEXT"					path="cursor_text" />

<Image id="WIN_MINIMIZE"				path="winbutton_min" />
<Image id="WIN_UNMAX"					path="winbutton_unmax" />
<Image id="WIN_CLOSE"					path="winbutton_close" />

<SetDefaults path="sounds" idprefix="SOUND_" />
<Sound id="MORNING"						path="Koka_morning_finaledit" />

<SetDefaults path="fonts" idprefix="FONT_" />
<Font id="OVERLOAD16"					path="overload16.txt" alias="START1" />
<Font id="OVERLOAD16OUTLINE"			path="!ref:FONT_OVERLOAD16" tags="Outline" />
<Font id="OVERLOAD16OUTLINE2"			path="!ref:FONT_OVERLOAD16" tags="Outline2" alias="END1"/>

</Resources>

<!-- ********************************************************** -->
<!-- ************** Loading Screen Resources ****************** -->
<!-- ********************************************************** -->
<Resources id="Load">
<SetDefaults path="images/loading" idprefix="IMAGE_LOAD_" />
<Image id="BACK"				path="loaderback" a8r8g8b8 />
<Image id="HILL"				path="loaderhill" />
<Image id="OVERLAY"				path="LoaderOverlay" />
<Image id="LIGHTS"				path="loaderlights" cols="5" />
<Image id="LOGO"				path="peggleloader" />
<Image id="SHADOW"				path="shadow" />
<Image id="SUNHEAD"				path="sunhead" />
<Image id="PLAYNOW"				path="playnow" />
<Image id="BALL"				path="logoball" />
<Image id="DELUXE"				path="deluxe" />
<Image id="TM"					path="tm" />

<Image id="POPCAP"				path="mainmenu_popcap" />

<!-- ********************************************************** -->
<!-- ************** Partner Resources ************************* -->
<!-- ********************************************************** -->
<SetDefaults path="properties"		idprefix="IMAGE_" />
<Image id="PARTNER"				path="partner_logo" />

</Resources>

<!-- ************************************************ -->
<!-- ************** Misc Resources ****************** -->
<!-- ************************************************ -->
<Resources id="LoadingThread">
<SetDefaults path="images" idprefix="IMAGE_" />

<SetDefaults path="fonts" idprefix="FONT_" />
<Font id="PLAIN"						path="NeoSansMedium12.txt" alias="START2" />
<Font id="PLAIN2BIG"					path="ItalianOldStyleMT17.txt" />
<Font id="SMALL"						path="tahoma8.txt" />
<Font id="SMALLMONO"					path="CourierFinalDraft8.txt" />
<Font id="SCORE_DISP"					path="overload18.txt" />
<Font id="SMALL_DISP"					path="overload11.txt" />
<Font id="BALLSLEFT"					path="overload32.txt" />
<Font id="BUTTON"						path="button12.txt" />

<Font id="STAGE"						path="NeoSansMedium14.txt" />
<Font id="BONK"							path="Bonk60.txt" />

<Font id="OVERLOAD10"					path="overload10.txt" />
<Font id="OVERLOAD12"					path="overload12.txt" />
<Font id="OVERLOAD24"					path="overload24.txt"  />
<Font id="OVERLOADMONO10"				path="OCRAExtended9fat.txt" />
<Font id="OVERLOADMONO12"				path="overloadmono12.txt" />

<Font id="OVERLOAD10OUTLINE"			path="!ref:FONT_OVERLOAD10" tags="Outline" />
<Font id="OVERLOAD12OUTLINE"			path="!ref:FONT_OVERLOAD12" tags="Outline" />
<Font id="OVERLOAD24OUTLINE"			path="!ref:FONT_OVERLOAD24" tags="outline" />
<Font id="OVERLOAD24GRAD1"				path="!ref:FONT_OVERLOAD24" tags="font1" /> 
<!-- <Font id="OVERLOAD24GRAD1"				path="overloadgrad24.txt" /> -->
<Font id="OVERLOAD24GRAD2"				path="!ref:FONT_OVERLOAD24" tags="font2"  />
<Font id="PLAINOUTLINE"					path="!ref:FONT_PLAIN"		tags="Outline" />

<Font id="PLAIN2"						path="ItalianOldStyleMT13.txt"	/>
<Font id="PLAIN2OUTLINE"				path="!ref:FONT_PLAIN2"			tags="Shadow" />
<Font id="PLAIN2BIGOUTLINE"				path="!ref:FONT_PLAIN2BIG"	tags="Outline" alias="END2" />

<SetDefaults path="sounds" idprefix="SOUND_" />
<Sound id="PEGHIT_LOW"					path="peghit_low"	alias="START" />
<Sound id="PEGHIT"						path="peghit" />
<Sound id="PEGHIT2"						path="peghit_plus4b" />
<Sound id="PEGHIT3"						path="peghit_plus_mega9" />
<Sound id="EXTRABALL"					path="extraball" />
<Sound id="EXTRABALL2"					path="extraball2" />
<Sound id="EXTRABALL3"					path="extraball3" />
<Sound id="MISS"						path="miss" />
<Sound id="COINSPIN"					path="coin_spin" />
<Sound id="COINSPIN_NO"					path="coin_freeball_denied" />
<Sound id="FREEBALL"					path="freeball2" volume="0.6" />
<Sound id="PENALTY"						path="penalty" />
<Sound id="LEVELWON"					path="MnE_Dia_pos" />
<Sound id="LEVELDONE"					path="MnE_Dia_n" />
<Sound id="LEVELLOST"					path="MnE_Dia_neg" />
<Sound id="POWERUP"						path="powerup" />
<Sound id="AAH"							path="aah" />
<Sound id="MULTIBALL"					path="multiball" />
<Sound id="PEGPOP"						path="pegpop"		/>
<Sound id="EXPLODE"						path="explode"		/>
<Sound id="BUTTON1"						path="button"		/>
<Sound id="BUTTON2"						path="button2"		/>
<Sound id="MOUSEOVER"					path="mouseoverV1"	volume="0.3"	/>
<Sound id="DING"						path="dinghi"	/>
<Sound id="POINTBOOST"					path="aah"	 />
<Sound id="TING"						path="ting"	/>
<Sound id="AWARD"						path="AwardFanfareV2" />
<Sound id="APPLAUSE"					path="applause" />
<Sound id="SKILLSHOT"					path="gapbonus1" />	 
<Sound id="SPOOKYBALL2"					path="powerup_spooky2" />
<Sound id="SPOOKYBALL3"					path="powerup_spooky3" />
<Sound id="SPOOKYBALL4"					path="powerup_spooky4" />
<Sound id="BUBBLES"						path="bubbles" />
<Sound id="FLIP"						path="flip"	/>
<Sound id="BUCKETHIT"					path="buckethit" />
<Sound id="CANNONCOCK"					path="guncock" volume="0.6"/>
<Sound id="CANNONSHOT"					path="cannonshot" volume="0.6"/>
<Sound id="SCORECOUNTER"				path="scorecounter" />
<Sound id="FLIPPERUP"					path="flipperup"	volume="0.25" />
<Sound id="FLIPPERDOWN"					path="flipperdown"  volume="0.25" />
<Sound id="FLIPPERBOUNCE"				path="flipperbounce" volume="0.5" />
<Sound id="RAINBOW"						path="rainbow" />
<Sound id="FIREWORKS1"					path="fireworks1" />
<Sound id="FIREWORKS2"					path="fireworks2" />
<Sound id="RICHOCHET"					path="xbump_mod2" />
<Sound id="CYMBAL"						path="cymbal" />
<Sound id="SIGH"						path="sigh" />
<Sound id="WOOSH"						path="extremefever2" volume="0.3" />
<Sound id="TEXT_WOOSH"					path="missile" volume="1.0" />
<Sound id="WHISTLE"						path="ultra2" volume="0.3" />
<Sound id="FEVERHIT"					path="feverhit" volume="1.0" />
<Sound id="FIREBALLLOOP"				path="FireBallLoopV4" volume="0.1" />
<Sound id="FIREBALLSHOT"				path="fireballshoot" />
<Sound id="FIREBALLBOUNCE"				path="fireballbounce" />

<Sound id="POWERUP_GUIDE"				path="powerup_guide" />
<Sound id="POWERUP_MULTIBALL"			path="powerup_multiball" volume="0.5"/>
<Sound id="POWERUP_PYRAMID"				path="powerup_pyramid" />
<Sound id="POWERUP_SPACEBLAST"			path="powerup_spaceblast" />
<Sound id="POWERUP_FLIPPERS"			path="powerup_flippers_4" />
<Sound id="POWERUP_SPOOKYBALL"			path="powerup_spooky1" />
<Sound id="POWERUP_FLOWERPOWER"			path="powerup_flowerpower2" />
<Sound id="POWERUP_LUCKYSPIN"			path="powerup_luckyspin" />
<Sound id="POWERUP_FIREBALL"			path="powerup_fireball3" />
<Sound id="POWERUP_ZEN"					path="powerup_zen3" />

<Sound id="GONG"						path="gong" />
<Sound id="SLOWMO"						path="timpaniroll"	alias="END"    />
<Sound id="TYPING"						path="typing2"	/>
<Sound id="TONELO"						path="tonelo"	/>
<Sound id="TONE"						path="tone"	/>
<Sound id="TONEHI"						path="tonehi"	/>
<Sound id="TONESUPERHI"					path="tonesuperhi"	/>
<Sound id="STAMP"						path="approval"	/>
<Sound id="ADD_BALL"					path="ball_add"	/>
<Sound id="DIALOG_MOVE"					path="flip2" />
<Sound id="FIREWORKPOP"					path="FireworkPop" />


</Resources>

<!-- ********************************************************** -->
<!-- ************** Game Interface Resources ****************** -->
<!-- ********************************************************** -->
<Resources id="Interface">
<SetDefaults path="images/interface" idprefix="IMAGE_INT_" />
<Image id="BALL"						path="oldball" />
<Image id="BALLBACK"					path="ballback" />
<Image id="BUTTONCOVER"					path="buttoncover" alphaimage="button_" />
<Image id="CANNON"						path="cannon" rows="3" />
<Image id="CANNONCOVER"					path="cannoncover" />

<Image id="PLUNGER"						path="plunger"  />
<Image id="BALLGLASS"					path="rglass"  /> 
<Image id="FEVERMETER"					path="lprogressbar"  />
<Image id="FEVERMETERTOP"				path="lptop"  />
<Image id="FEVERMETERBOTTOM"			path="lpbottom"  />
<Image id="FEVERRAILING"				path="feverrailing"  />
<Image id="FEVERBARS"					path="feverbars"		rows="4" />
<Image id="FEVERBARLITES"				path="feverbarlites"	rows="4" />
<Image id="COUNTER"						path="counter"  />
<Image id="FREEBALLMETER"				path="rightprogressbar"  alphagrid="rightprogressbaralpha" cols="3"/>
<Image id="FREEBALLMETERTOP"			path="rpbtop"  alphagrid="rpbtopalpha" cols="3" />
<Image id="BACKSHADOW"					path="backshadow"	alphacolor="0" />
<Image id="FEVERGLOW"					path="feverglow" />
<Image id="FEVERGLOW1"					path="feverglow1"  />
<Image id="FEVERGLOW2"					path="feverglow2"  />
<Image id="FEVERGLOW3"					path="feverglow3"  />
<Image id="SCOREHILIGHT"				path="scorehilight"  />
<Image id="BALLOMASKBL"					path="ballomaskbl"  />
<Image id="BALLOMASKBR"					path="ballomaskbr"  />
<Image id="BALLOMASKTL"					path="ballomasktl"  />
<Image id="BALLOMASKTR"					path="ballomasktr"  />
<Image id="FBCENTERDISC"				path="fbcenterdisc" />
<Image id="FBGLOW"						path="fbglow" />
<Image id="FBFREEBALL"					path="fbfreeball" cols="2" rows="3"/>
<Image id="FBLIGHTUP"					path="fblightup" rows="3" />
<Image id="FBPOINTS"					path="fbpoints" cols="2" rows="3" />

</Resources>

<!-- **************************************************************** -->
<!-- ************** Game Interface Piece Resources ****************** -->
<!-- **************************************************************** -->
<Resources id="IP">
<SetDefaults path="images/ip" idprefix="IMAGE_IP_" />
<Image id="B"						path="b"			rows="10"  alphagrid="b_" />
<Image id="BLC"						path="blc"			cols="10"  alphagrid="blc_" />
<Image id="BRC"						path="brc"			cols="10"  alphagrid="brc_" />
<Image id="L1"						path="l1"			cols="10" />
<Image id="L2"						path="l2"			cols="10" />
<Image id="R1"						path="r1"			cols="10" />
<Image id="R2"						path="r2"			cols="10" />
<Image id="TL1"						path="tl1"			rows="10" alphagrid="tl1_" />
<Image id="TL2"						path="tl2"			rows="10" alphagrid="tl2_" />
<Image id="TR1"						path="tr1"			rows="10" alphagrid="tr1_" />
<Image id="TR2"						path="tr2"			rows="10" alphagrid="tr2_" />
<Image id="TLC"						path="tlc"			rows="10" alphagrid="tlc_" />
<Image id="TRC"						path="trc"			rows="10" alphagrid="trc_" />
<Image id="SEAMS"					path="seams"		rows="10" alphagrid="seams_" />
<Image id="SHOOTERBACK"				path="shooterbacks"	rows="10" alphagrid="shooterbacks_" />
<Image id="SHOOTER"					path="shooter"		rows="3" />
<Image id="BALLOTRON"				path="ballotron"		/>
<Image id="FEVERMETER"				path="fevermeter"		/>
<Image id="LWINDOW"					path="lwindow"			/>
<Image id="RWINDOW"					path="rwindow"			/>
<Image id="SHOOTERORB"				path="shooterorb"		/>
<Image id="POWERUPBANNER"			path="banners"		rows="10" cols="2" alphagrid="banners_" />
<Image id="ORBGLOW"					path="orbglow"		rows="10" alphagrid="orbglow_" />
</Resources>

<!-- ***************************************************** -->
<!-- ************** Main Menu Resources ****************** -->
<!-- ***************************************************** -->
<Resources id="MainMenu">
<SetDefaults path="images/mainmenu" idprefix="IMAGE_MM_" />

<Image id="RIGHT"						path="mmright"				/>
<Image id="TOP"							path="mmtop"				/>
<Image id="LEFT"						path="mmleft"				/>
<Image id="BOTTOM"						path="mmbottom"				/>
<Image id="FOREGROUND"					path="foreground"			a8r8g8b8 />
<Image id="BACKGROUND"					path="background"			a8r8g8b8 />
<Image id="BJORN"						path="bjorn"				/>
<Image id="BLANKSUN"					path="blanksun"				/>
<Image id="SPEECHBUBBLE"				path="speechbubble"			/>
<Image id="CRY"							path="CryingEyes"			/>
<Image id="BUYIT"						path="UNLOCK-PEGGLE"		/>
<Image id="CERTIFICATE"					path="certificate"			/>
<Image id="CERTIFICATEOK"				path="certificateok"		rows="2" />
<Image id="APPROVEDSTAMP"				path="approvedstamp"		/>
<Image id="TROPHIES"					path="trophies"				cols="3" />
<Image id="TROPHYREVEAL"				path="YinYang"				/>


<Image id="ADVENTURE"					path="adventure"			rows="2" />
<Image id="SOLO"						path="solo"					rows="2" />
<Image id="DUEL"						path="duel"					rows="2" />
<Image id="CHALLENGE"					path="challenge"			rows="2" />



</Resources>

<!-- ********************************************************* -->
<!-- ************** LevelSelector Resources ****************** -->
<!-- ********************************************************* -->
<Resources id="LevelSelect">
<SetDefaults path="images/levelselect" idprefix="IMAGE_LS_" />

<Image id="LEVELSCREEN"					path="levelscreen"			 />
<Image id="LEVELSCREENLEFT"				path="levelscreenleft" />
<Image id="LEVELSCREENRIGHT"			path="levelscreenright" />
<Image id="LEVELSELECTOR"				path="levelselector" />

<Image id="BACKBUTTON"					path="backbutton" rows="2" />
<Image id="NEXTBUTTON"					path="nextbutton" rows="2" />
<Image id="MAINMENUBUTTON"				path="mainmenubutton" rows="2" />
<Image id="RANDOMBUTTON"				path="randombutton" rows="2" />
<Image id="LOCK"						path="locked" />
<Image id="LOCK_SMALL"					path="locked_small" />
<Image id="CHALLENGEBADGE"				path="littlemaster" />
<Image id="RANDOMLEVEL"					path="randomlevels" rows="7" />
<Image id="TINYBLUERIBBON"				path="tinyribbon" />

</Resources>


<!-- ******************************************************* -->
<!-- ************** Help Screen Resources ****************** -->
<!-- ******************************************************* -->
<Resources id="Help">
<SetDefaults path="images/help" idprefix="IMAGE_HELP_" />

<Image id="SCREEN"					path="helpscreen"			 />
<Image id="MODES"					path="helpgamemode" />
<Image id="BUTTONOVERLAY"			path="buttonoverlay" />
<Image id="ICONS"					path="Help-Icons" cols="7" rows="4" />

</Resources>

<!-- ************************************************ -->
<!-- ************** Game Resources ****************** -->
<!-- ************************************************ -->
<Resources id="Game">
<SetDefaults path="images/game" idprefix="IMAGE_" />
<Image id="HAT"							path="hat" />
<Image id="MAGICHAT"					path="magichat" />
<Image id="SPARKLE"						path="sparkle_medium" cols="14" />
<Image id="SPARKLE_FEVER"				path="sparkle_large_red" cols="14" />
<Image id="STREAK"						path="streak" />
<Image id="FLOWER"						path="flower" />
<Image id="POWERUPICON"					path="powerupicon"	rows="2" />
<Image id="SCOREICON"					path="scoreicon"	rows="2" />

<Image id="BONUSHALO"					path="Bonus-Halo" />
<Image id="BONUSGLOW"					path="bonusglow" />
<Image id="BONUSGLOW_GREEN"				path="bonusglow_green" />
<Image id="BONUSGLOW_BLUE"				path="bonusglow_blue" />
<Image id="BONUS5000"					path="bonus5000" />
<Image id="BONUS10000"					path="bonus10000" />
<Image id="BONUS25000"					path="bonus25000" />
<Image id="BONUS50000"					path="bonus50000" />
<Image id="BONUS100000"					path="bonus100000" />
<Image id="BONUS5000LIGHT"				path="bonus5000light" />
<Image id="BONUS10000LIGHT"				path="bonus10000light" />
<Image id="BONUS25000LIGHT"				path="bonus25000light" />
<Image id="BONUS50000LIGHT"				path="bonus50000light" />
<Image id="BONUS100000LIGHT"			path="bonus100000light" />

<Image id="BALL"						path="ball" />
<Image id="YINYANG"						path="YangBall" />
<Image id="GUIDERECT"					path="guiderect" />
<Image id="GUIDERECT2"					path="guiderect2" />
<Image id="ALPHABALL"					path="superguidehit" />
<Image id="GUIDEARROW"					path="guidearrow" />
<Image id="GUIDEPOINT"					path="guidepoint" />
<Image id="GUIDEHIT"					path="guidehit" />
<Image id="BRICK"						path="brick"		rows="8" />
<Image id="BRICKCB"						path="brickcb"		rows="8" />
<Image id="BALLPEG"						path="ballpeg"		rows="8" />
<Image id="BALLPEGCB"					path="ballpegcb"	rows="8" alphaimage="ballpeg_" />
<Image id="BALLSHADOW"					path="ballshadow" />
<Image id="PEGSHADOW"					path="pegshadow" alphacolor="0" />
<Image id="BIGBALLSHADOW"				path="bigballshadow" alphacolor="0" />
<Image id="BIGBALL"						path="bigball" />
<Image id="DEFINNERPEG"					path="definnerpeg"	/>
<Image id="DEFOUTERPEG"					path="defouterpeg"	/>
<Image id="CIRCLE"						path="circle"	/>
<Image id="FIREBALLFIRE"				path="fireballfire"		rows="30" />
<Image id="FIREBALL"					path="fireball"		/>
<Image id="COINHEADS"					path="coinheads"	alphaimage="coin_" />
<Image id="COINTAILS"					path="cointails"	alphaimage="coin_" />
<Image id="COINHILIGHT"					path="coinhilight"	rows="2" />
<Image id="BUBBLES"						path="bubbles"	cols="5" />
<Image id="BRICKGLOW"					path="brickglow" />
<Image id="PEGGLOW"						path="pegglow" />
<Image id="PYRAMIDRAY"					path="pyramidray" />
<Image id="FEVERRAY"					path="feverray" />
<Image id="FEVERGLOWSTAR"				path="feverglowstar" />
<Image id="FEVERSTAR_RED"				path="feverstar" />
<Image id="FEVERSTAR_GREEN"				path="feverstar_green" alphaimage="feverstar_" />
<Image id="FEVERSTAR_BLUE"				path="feverstar_blue" alphaimage="feverstar_" />
<Image id="FEVERSPARK"					path="feverspark" />
<Image id="FEVERTRAIL"					path="fevertrail" />
<Image id="FEVERRAINBOW"				path="rainbowchaser" minsubdivide />
<Image id="FEVERSCORE"					path="feverscore" />
<Image id="FEVERSCORETOP"				path="feverscoretop" />
<Image id="STAR_STREAK"					path="starstreak" />
<Image id="TIPARROW"					path="tiparrow" cols="2" />
<Image id="BLUERIBBON"					path="blueribbon" />
<Image id="TINYBLUERIBBON"				path="tinyblueribbon" />
<Image id="MASTERBADGE"					path="masterbadge" />
<Image id="PAUSED"						path="paused" />
<Image id="CATCHERGLOW"					path="catcherglow" />
<Image id="PYRAMIDBALL"					path="PyramidPower" />
<Image id="JIMMY"						path="cornerjimmy" />
<Image id="JIMMYSPEECH"					path="jimmybubble" />
<Image id="FEVERCAM"					path="fevercam" />

<Image id="XFEVER"						path="uef"			rows="10" />
<Image id="XFEVERGLOW"					path="uefglow"		rows="7" />

<Image id="PULSE_NORMAL"				path="pulse_normal"		rows="13" anim="once" framedelay="2" />
<Image id="PULSE_GOAL"					path="pulse_goal"		rows="26" anim="once" framedelay="2" /> 
<Image id="PULSE_SCORE"					path="pulse_score"		rows="21" anim="once" framedelay="3" /> 
<Image id="PULSE_POWERUP"				path="pulse_powerup"	rows="19" anim="once" framedelay="3" />

<Image id="PULSE2_SCORE"				path="pulse2_score"		rows="26" anim="once" framedelay="2" /> 
<Image id="PULSE2_POWERUP"				path="pulse2_powerup"	rows="26" anim="once" framedelay="2" />

<Image id="SPACEBURST"					path="spaceburst" /> 
<Image id="SPACEBUBBLE"					path="spacebubble" /> 
<Image id="SPACEHALO"					path="spacehalo" /> 
<Image id="SPACESTAR"					path="spacestar" /> 
<Image id="SPOOKYPOOF1"					path="spookypoof1" rows="2" /> 
<Image id="SPOOKYPOOF2"					path="spookypoof2" rows="2" /> 
<Image id="SPOOKYGHOST"					path="spookyghost" /> 
<Image id="SPOOKYTRAIL"					path="ball_" alphaimage="ball_"/>
<Image id="SPOOKYEYES"					path="SpookBall"/>
<Image id="EMBER"						path="ember" cols="8" anim="once" framedelay="6" /> 
<Image id="SMOKE"						path="smoke" cols="20" /> 
<Image id="FLECK"						path="fleck" rows="4" /> 
<Image id="FLAMETRAIL"					path="flametrail" cols="1" /> 

<Image id="NUKESTREAK"					path="BLUR_"/> 

</Resources>

<!-- ***************************************************** -->
<!-- ************** Dialog/UI Resources ****************** -->
<!-- ***************************************************** -->
<Resources id="Dialog">
<SetDefaults path="images/dialog" idprefix="IMAGE_DLG_" />
<Image id="BOTTOMBAR"					path="bottombar" />
<Image id="RANDOM"						path="randomgif" />
<Image id="BLUEFRAME"					path="blueframe" />
<Image id="SELECTORFRAME"				path="selectorframe" />
<Image id="BUTTON1"						path="button1"	/>
<Image id="BUTTON2"						path="button2"	/>
<Image id="BUTTON3"						path="button3"	/>
<Image id="BROWNBUTTON1"				path="brownbutton1"				/>
<Image id="BROWNBUTTON2"				path="brownbutton2"				/>
<Image id="GREENOK"						path="ok"	cols="2" />
<Image id="POPUP"						path="popupbox"	/>
<Image id="TEXTBOX"						path="textbox"	/>
<Image id="HORZBAR"						path="horzbar"	/>
<Image id="LJOINT"						path="ljoint"	/>
<Image id="EDITBUTTON"					path="editbutton"	/>
<Image id="DIALOGBOX"					path="dialogbox"	/>
<Image id="SLIDER"						path="slider"		/>
<Image id="SLIDERHILIGHT"				path="sliderhighlight"	/>
<Image id="SLIDERORB"					path="sliderorb"	/>
<Image id="FRAME1"						path="frameb1"	/>
<Image id="FRAME2"						path="frameb2"	/>
<Image id="FRAME3"						path="frameb3"	/>
<Image id="SEGMENT"						path="segment"	/>
<Image id="CONNECTOR"					path="connector"	/>
<Image id="REPLAYTOP"					path="replaytop"	/>
<Image id="REPLAYSEGMENT"				path="replaysegment"	/>
<Image id="STAGEBULLET"					path="stagebullet"	rows="2" alphagrid="stagebullet_" />
<Image id="MASTERSTAGE"					path="masterstage" />
<Image id="MASTERSTAGEPROGBAR"			path="masterstageprogbar" rows="2" />
<Image id="PLAYWIDGET1"					path="playwidget1" />
<Image id="PLAYWIDGET2"					path="playwidget2" />
<Image id="PLAYBUTTON1"					path="playbutton1" rows="2" />
<Image id="PLAYBUTTON2"					path="playbutton2" rows="2" />
<Image id="STAGEBAR"					path="stagebar" rows="2" />
<Image id="STAGEPROGRESSBAR"			path="stageprogressbar" rows="3" />
<Image id="TEXTRECT"					path="textrect" />
<Image id="QUESTIONMARK"				path="questionmark" />
<Image id="TIP"							path="tip" />
<Image id="INSTRUCTIONS"				path="Instructions1" />
<Image id="INSTRUCTIONS2"				path="Instructions2" />
<Image id="INSTRUCTIONS3"				path="Instructions3" />
<Image id="INSTRUCTIONS4"				path="Instructions4" />
<Image id="BUTTONOVERLAY2"				path="buttonoverlay2" />

<Image id="STARBADGEICON"				path="StarbadgeIcon" />
<Image id="TINYLOCKED"  				path="TinyLocked" />

<Image id="PURPLEBUTTON"				path="PurpleButton"  rows="3" alphagrid="roundbutton_" />
<Image id="MENU"						path="MenuButton"    rows="2" alphagrid="roundbutton_" />
<Image id="INSTANTREPLAY"				path="ReplayButton"  rows="2" alphagrid="roundbutton_" />

</Resources>

<!-- ***************************************************** -->
<!-- ************** Character Resources ****************** -->
<!-- ***************************************************** -->
<Resources id="Character">
<SetDefaults path="characters" idprefix="IMAGE_CHR_" />
<Image id="CHARACTERS"					path="characterset" cols=10 />
<Image id="CHARACTERSHADOWS"			path="charactershadows" cols=10 />
<Image id="CHARACTER1"					path="feature_bjorn" />
<Image id="CHARACTER2"					path="feature_jimi" />
<Image id="CHARACTER3"					path="feature_kattut" />
<Image id="CHARACTER4"					path="feature_splork" />
<Image id="CHARACTER5"					path="feature_jaques" />
<Image id="CHARACTER6"					path="feature_renfield" />
<Image id="CHARACTER7"					path="feature_daisy" />
<Image id="CHARACTER8"					path="feature_fritz" />
<Image id="CHARACTER9"					path="feature_dragon" />
<Image id="CHARACTER10"					path="feature_masterhu" />
<Image id="CHARACTER11"					path="feature_random" />
<Image id="YINYANGEYE"					path="yinyangeye" />
</Resources>

<!-- ***************************************************** -->
<!-- ************** LuckySpin Resources ****************** -->
<!-- ***************************************************** -->
<Resources id="LuckySpin">
<SetDefaults path="images/luckyspin" idprefix="IMAGE_SPIN_" />
<Image id="SPINNER"						path="spinner" />
<Image id="ARROW"						path="arrow" />
<Image id="HATON"						path="haton" />
<Image id="EXTRAON"						path="extraon" />
<Image id="TRIPLEON"					path="tripleon" />
<Image id="RANDOMON"					path="randomon" />
<Image id="RANDOMTEXT"					path="random" rows="9" />
<Image id="RANDOMTEXTON"				path="random2" rows="9" />
<Image id="RIMLIGHT"					path="rimlight" />
<Image id="RIMLIGHT2"					path="corner-light" rows="2" />
</Resources>


<!-- ********************************************************** -->
<!-- ************** Story Resources *************************** -->
<!-- ********************************************************** -->
<Resources id="Story">
<SetDefaults path="images/story" idprefix="IMAGE_STORY_" />
<Image id="WIN"							path="TheEnd" />
<Image id="CLAWS"						path="claw" />
<Image id="ROCKET"						path="Rocket" />
<Image id="BIGSPARKLE"					path="bigsparkle" cols="14"/>


</Resources>

<!-- ********************************************************** -->
<!-- ************** Adventure Resources *********************** -->
<!-- ********************************************************** -->
<Resources id="Adventure">
<SetDefaults path="images/adventure" idprefix="IMAGE_ADV_" />
<Image id="ADVENTURE"					path="adventure" />
<Image id="RESTART_COVER"				path="RestartOverlay" />


</Resources>

<!-- ********************************************************** -->
<!-- ***************** Upsell Resources *********************** -->
<!-- ********************************************************** -->
<Resources id="Upsell">
<SetDefaults path="levels/cached_thumbnails" idprefix="IMAGE_UPSELL_" />
<Image id="LEVEL1"					path="blockers" />
<Image id="LEVEL2"					path="yinyang" />
<Image id="LEVEL3"					path="Bug" />
<Image id="LEVEL4"					path="Car" />
<Image id="LEVEL5"					path="InfiniteJest" />
<Image id="LEVEL6"					path="Tubing" />
<Image id="LEVEL7"					path="windmills" />
<Image id="LEVEL8"					path="Holes" />
<Image id="LEVEL9"					path="Sunny" />
<Image id="LEVEL10"					path="SpaceBalls" />
<SetDefaults path="images/upsell" idprefix="IMAGE_UPSELL_" />
<Image id="BUY_NOW"					path="BACKGROUND" />
<Image id="BALL"					path="BALL" />
<Image id="TEXT"					path="GLOWFUN" />
<Image id="LOGO"					path="LOGO" />
<Image id="PEG"						path="PEG" />
<Image id="SWOOSH"					path="Swoosh" />
<Image id="BLURB1"					path="Blurb1" />
<Image id="BLURB2"					path="Blurb2" />
<Image id="BLURB3"					path="Blurb3" />
<Image id="BLURB4"					path="Blurb4" />
<Image id="BLURB5"					path="Blurb5" />
<Image id="BLURB6"					path="Blurb6" />
<Image id="BLURB7"					path="Blurb7" />
<Image id="BLURB8"					path="Blurb8" />
<Image id="BLURB9"					path="Blurb9A" />
<Image id="BLURB10"					path="Blurb9B" />
<SetDefaults path="images/levels" idprefix="IMAGE_UPSELL_" />
<Image id="ZEN"						path="zenbumper" />
<Image id="JUNK1"					path="blindfoldexit" />
<Image id="JUNK2"					path="pinwheel" />
<Image id="JUNK3"					path="froggieFloater" />
<Image id="JUNK4"					path="swirl" />


</Resources>

</ResourceManifest>
